{
    "status": 200,
    "message": "Channel List Successfully retrieved",
    "data": [
        {
            "ChannelID": "1609",
            "ChannelName": "FTTx"
        },
        {
            "ChannelID": "1611",
            "ChannelName": "Customer Service Delivery"
        },
        {
            "ChannelID": "1616",
            "ChannelName": "Sales & Distribution"
        },
        {
            "ChannelID": "10140",
            "ChannelName": "Systems"
        },
        {
            "ChannelID": "10141",
            "ChannelName": "Leadership"
        },
        {
            "ChannelID": "25727",
            "ChannelName": "Human Resource"
        },
        {
            "ChannelID": "25728",
            "ChannelName": "Supply Chain Management"
        },
        {
            "ChannelID": "25729",
            "ChannelName": "Finance, Compliance And Accounting"
        },
        {
            "ChannelID": "118994",
            "ChannelName": "Marketing"
        }
    ]
}