{
    "status": 200,
    "message": "My Team Members are retrieved successfully",
    "data": {
        "TeamCount": 4,
        "TeamMembers": [
            {
                "SlNo": 1,
                "emp_name": "Mr. Himmat Bhatia",
                "myteam-url": "http://10.144.96.31:8443/employee/myteam/250044"
            },
            {
                "SlNo": 2,
                "emp_name": "Mr. Mahesh Patil",
                "myteam-url": "http://10.144.96.31:8443/employee/myteam/250226"
            },
            {
                "SlNo": 3,
                "emp_name": "Mr. PrabhuKalyan Dash",
                "myteam-url": "http://10.144.96.31:8443/employee/myteam/248195"
            },
            {
                "SlNo": 4,
                "emp_name": "Mr. Sumeet Chavan",
                "myteam-url": "http://10.144.96.31:8443/employee/myteam/250227"
            }
        ]
    }
}