{
  "status": 200,
  "message": "Classtype List Successfully retrieved",
  "data": [
    {
      "ClasstypeID": "170986",
      "ClasstypeName": "Leadership",
      "ClasstypeDescription": null,
      "ClasstypelLink": "https://opignoemployee.bss.sit.jio.com/class-type/leadership"
    },
    {
      "ClasstypeID": "170988",
      "ClasstypeName": "Mandatory",
      "ClasstypeDescription": null,
      "ClasstypelLink": "https://opignoemployee.bss.sit.jio.com/class-type/mandatory"
    },
    {
      "ClasstypeID": "170989",
      "ClasstypeName": "Others",
      "ClasstypeDescription": null,
      "ClasstypelLink": "https://opignoemployee.bss.sit.jio.com/class-type/others"
    },
    {
      "ClasstypeID": "170999",
      "ClasstypeName": "Ready for Coaching",
      "ClasstypeDescription": null,
      "ClasstypelLink": "https://opignoemployee.bss.sit.jio.com/class-type/ready-coaching"
    },
    {
      "ClasstypeID": "170990",
      "ClasstypeName": "Ready for Role",
      "ClasstypeDescription": null,
      "ClasstypelLink": "https://opignoemployee.bss.sit.jio.com/class-type/ready-role"
    },
    {
      "ClasstypeID": "171000",
      "ClasstypeName": "Ready for Troubleshooting",
      "ClasstypeDescription": null,
      "ClasstypelLink": "https://opignoemployee.bss.sit.jio.com/class-type/ready-troubleshooting"
    },
    {
      "ClasstypeID": "170991",
      "ClasstypeName": "Recommended",
      "ClasstypeDescription": null,
      "ClasstypelLink": "https://opignoemployee.bss.sit.jio.com/class-type/recommended"
    },
    {
      "ClasstypeID": "170992",
      "ClasstypeName": "Special Drives",
      "ClasstypeDescription": null,
      "ClasstypelLink": "https://opignoemployee.bss.sit.jio.com/class-type/special-drives"
    }
  ]
}