{
  "status": 200,
  "message": "Recommended Courses Successfully retrived",
  "data": [
    {
      "cid": "128323",
      "reco_to_uid": "243276",
      "reco_by_uid": "243366",
      "sender": {
        "title": "Mr.",
        "given": "Sumit",
        "family": "Rusia",
        "safe": {
          "title": "Mr.",
          "given": "Sumit",
          "family": "Rusia"
        }
      },
      "type": "suggestion",
      "accept_status": "0",
      "title": "course 25 dec",
      "published_date": "13 Jun 2019",
      "image_path": "https://opignoemployee.bss.dev.jio.com/sites/default/files/digital-class.jpg",
      "titlelink": "https://opignoemployee.bss.dev.jio.com/node/128383/take?cid=128323",
      "duration": "0:20:00",
      "description": null
    },
    {
      "cid": "52102",
      "reco_to_uid": "243276",
      "reco_by_uid": "243366",
      "sender": {
        "title": "Mr.",
        "given": "Sumit",
        "family": "Rusia",
        "safe": {
          "title": "Mr.",
          "given": "Sumit",
          "family": "Rusia"
        }
      },
      "type": "suggestion",
      "accept_status": "0",
      "title": "Enterprise Wireline ESOC - KAT",
      "published_date": "25 Sep 2017",
      "image_path": "sites/all/themes/jioemployee/img/default_course_image.jpg",
      "titlelink": "https://opignoemployee.bss.dev.jio.com/node/97138/take?cid=52102",
      "duration": "0:00:00",
      "description": "This course has been created to gauge the learning of ESOC advisors."
    },
    {
      "cid": "128290",
      "reco_to_uid": "243276",
      "reco_by_uid": "243366",
      "sender": {
        "title": "Mr.",
        "given": "Sumit",
        "family": "Rusia",
        "safe": {
          "title": "Mr.",
          "given": "Sumit",
          "family": "Rusia"
        }
      },
      "type": "recomendation",
      "accept_status": "1",
      "title": "course course",
      "published_date": "26 Jun 2019",
      "image_path": "https://opignoemployee.bss.dev.jio.com/sites/default/files/professional-courses_1.png",
      "titlelink": "https://opignoemployee.bss.dev.jio.com/node/128584/take?cid=128290",
      "duration": "0:00:00",
      "description": null
    },
    {
      "cid": "125617",
      "reco_to_uid": "243276",
      "reco_by_uid": "243366",
      "sender": {
        "title": "Mr.",
        "given": "Sumit",
        "family": "Rusia",
        "safe": {
          "title": "Mr.",
          "given": "Sumit",
          "family": "Rusia"
        }
      },
      "type": "recomendation",
      "accept_status": "1",
      "title": "OB-ROI-JC-OBL",
      "published_date": "25 Sep 2017",
      "image_path": "sites/all/themes/jioemployee/img/default_course_image.jpg",
      "titlelink": "https://opignoemployee.bss.dev.jio.com/node/125713/take?cid=125617",
      "duration": "0:00:00",
      "description": "After completing this course, the JC OBL will be equipped to handle different tasks for various services aligned for"
    },
    {
      "cid": "51179",
      "reco_to_uid": "243276",
      "reco_by_uid": "243366",
      "sender": {
        "title": "Mr.",
        "given": "Sumit",
        "family": "Rusia",
        "safe": {
          "title": "Mr.",
          "given": "Sumit",
          "family": "Rusia"
        }
      },
      "type": "recomendation",
      "accept_status": "1",
      "title": "Mobility Mobility",
      "published_date": "15 Jan 2019",
      "image_path": "sites/all/themes/jioemployee/img/default_course_image.jpg",
      "titlelink": "https://opignoemployee.bss.dev.jio.com/node/128406/take?cid=51179",
      "duration": "0:00:00",
      "description": "Mobility"
    },
    {
      "cid": "128570",
      "reco_to_uid": "243276",
      "reco_by_uid": "243366",
      "sender": {
        "title": "Mr.",
        "given": "Sumit",
        "family": "Rusia",
        "safe": {
          "title": "Mr.",
          "given": "Sumit",
          "family": "Rusia"
        }
      },
      "type": "recomendation",
      "accept_status": "1",
      "title": "Test course one",
      "published_date": "18 Jun 2019",
      "image_path": "sites/all/themes/jioemployee/img/default_course_image.jpg",
      "titlelink": "https://opignoemployee.bss.dev.jio.com/node/128572/take?cid=128570",
      "duration": "0:00:00",
      "description": null
    },
    {
      "cid": "51179",
      "reco_to_uid": "243276",
      "reco_by_uid": "243366",
      "sender": {
        "title": "Mr.",
        "given": "Sumit",
        "family": "Rusia",
        "safe": {
          "title": "Mr.",
          "given": "Sumit",
          "family": "Rusia"
        }
      },
      "type": "recomendation",
      "accept_status": "1",
      "title": "Mobility Mobility",
      "published_date": "15 Jan 2019",
      "image_path": "sites/all/themes/jioemployee/img/default_course_image.jpg",
      "titlelink": "https://opignoemployee.bss.dev.jio.com/node/128406/take?cid=51179",
      "duration": "0:00:00",
      "description": "Mobility"
    },
    {
      "cid": "128570",
      "reco_to_uid": "243276",
      "reco_by_uid": "243366",
      "sender": {
        "title": "Mr.",
        "given": "Sumit",
        "family": "Rusia",
        "safe": {
          "title": "Mr.",
          "given": "Sumit",
          "family": "Rusia"
        }
      },
      "type": "recomendation",
      "accept_status": "1",
      "title": "Test course one",
      "published_date": "18 Jun 2019",
      "image_path": "sites/all/themes/jioemployee/img/default_course_image.jpg",
      "titlelink": "https://opignoemployee.bss.dev.jio.com/node/128572/take?cid=128570",
      "duration": "0:00:00",
      "description": null
    },
    {
      "cid": "51179",
      "reco_to_uid": "243276",
      "reco_by_uid": "243366",
      "sender": {
        "title": "Mr.",
        "given": "Sumit",
        "family": "Rusia",
        "safe": {
          "title": "Mr.",
          "given": "Sumit",
          "family": "Rusia"
        }
      },
      "type": "recomendation",
      "accept_status": "1",
      "title": "Mobility Mobility",
      "published_date": "15 Jan 2019",
      "image_path": "sites/all/themes/jioemployee/img/default_course_image.jpg",
      "titlelink": "https://opignoemployee.bss.dev.jio.com/node/128406/take?cid=51179",
      "duration": "0:00:00",
      "description": "Mobility"
    },
    {
      "cid": "127389",
      "reco_to_uid": "243276",
      "reco_by_uid": "243366",
      "sender": {
        "title": "Mr.",
        "given": "Sumit",
        "family": "Rusia",
        "safe": {
          "title": "Mr.",
          "given": "Sumit",
          "family": "Rusia"
        }
      },
      "type": "recomendation",
      "accept_status": "1",
      "title": "test coursesss test coursesss test coursesss test coursesss ",
      "published_date": "10 May 2018",
      "image_path": "sites/all/themes/jioemployee/img/default_course_image.jpg",
      "titlelink": "https://opignoemployee.bss.dev.jio.com/node/127391/take?cid=127389",
      "duration": "0:00:00",
      "description": null
    },
    {
      "cid": "51179",
      "reco_to_uid": "243276",
      "reco_by_uid": "243366",
      "sender": {
        "title": "Mr.",
        "given": "Sumit",
        "family": "Rusia",
        "safe": {
          "title": "Mr.",
          "given": "Sumit",
          "family": "Rusia"
        }
      },
      "type": "recomendation",
      "accept_status": "1",
      "title": "Mobility Mobility",
      "published_date": "15 Jan 2019",
      "image_path": "sites/all/themes/jioemployee/img/default_course_image.jpg",
      "titlelink": "https://opignoemployee.bss.dev.jio.com/node/128406/take?cid=51179",
      "duration": "0:00:00",
      "description": "Mobility"
    },
    {
      "cid": "127577",
      "reco_to_uid": "243276",
      "reco_by_uid": "243366",
      "sender": {
        "title": "Mr.",
        "given": "Sumit",
        "family": "Rusia",
        "safe": {
          "title": "Mr.",
          "given": "Sumit",
          "family": "Rusia"
        }
      },
      "type": "recomendation",
      "accept_status": "1",
      "title": "Demo Course 4",
      "published_date": "12 Dec 2018",
      "image_path": "sites/all/themes/jioemployee/img/default_course_image.jpg",
      "titlelink": "https://opignoemployee.bss.dev.jio.com/node/127580/take?cid=127577",
      "duration": "0:00:00",
      "description": null
    },
    {
      "cid": "128713",
      "reco_to_uid": "243276",
      "reco_by_uid": "227014",
      "sender": {
        "title": "Mr.",
        "given": "Himmat",
        "family": "Singh",
        "safe": {
          "title": "Mr.",
          "given": "Himmat",
          "family": "Singh"
        }
      },
      "type": "recomendation",
      "accept_status": "1",
      "title": "test course 123",
      "published_date": "13 Aug 2019",
      "image_path": "sites/all/themes/jioemployee/img/default_course_image.jpg",
      "titlelink": "#",
      "duration": "0:00:00",
      "description": null
    }
  ]
}