{
  "status": 200,
  "message": "New Courses Successfully retrieved",
  "data": [
    {
      "imgname": null,
      "Title": "Course Test 10",
      "TitleLink": "https://opignoemployee.bss.dev.jio.com/node/129476/take?cid=129475",
      "Description": null,
      "CourseLevel": "Advanced",
      "CourseDuration": "0:00:00",
      "PublishDate": "07-Oct-2019"
    },
    {
      "imgname": "https://opignoemployee.bss.dev.jio.com/sites/default/files/course_image/professional-courses.png",
      "Title": "course for PT",
      "TitleLink": "https://opignoemployee.bss.dev.jio.com/node/129467/take?cid=129466",
      "Description": "Your use of this Website is in compliance with all the applicable laws including but not limited to Information Technology Act, 2000 and the Rule",
      "CourseLevel": null,
      "CourseDuration": "0:00:00",
      "PublishDate": "09-Oct-2019"
    },
    {
      "imgname": "https://opignoemployee.bss.dev.jio.com/sites/default/files/course_image/bendy-controls.png",
      "Title": "Course New Covered",
      "TitleLink": "https://opignoemployee.bss.dev.jio.com/node/129464/take?cid=129463",
      "Description": null,
      "CourseLevel": null,
      "CourseDuration": "0:00:00",
      "PublishDate": "10-Oct-2019"
    },
    {
      "imgname": null,
      "Title": "course 16 sep",
      "TitleLink": "https://opignoemployee.bss.dev.jio.com/node/129453/take?cid=129452",
      "Description": null,
      "CourseLevel": "Advanced",
      "CourseDuration": "0:20:00",
      "PublishDate": "16-Sep-2019"
    },
    {
      "imgname": null,
      "Title": "Blank Course 9/9",
      "TitleLink": "#",
      "Description": null,
      "CourseLevel": null,
      "CourseDuration": "0:00:00",
      "PublishDate": "09-Sep-2019"
    },
    {
      "imgname": null,
      "Title": "LMS notification tp",
      "TitleLink": "https://opignoemployee.bss.dev.jio.com/node/129446/take?cid=129445",
      "Description": null,
      "CourseLevel": null,
      "CourseDuration": "0:00:00",
      "PublishDate": "09-Sep-2019"
    },
    {
      "imgname": null,
      "Title": "Training Program Testing Course",
      "TitleLink": "https://opignoemployee.bss.dev.jio.com/node/129441/take?cid=129439",
      "Description": null,
      "CourseLevel": null,
      "CourseDuration": "0:00:00",
      "PublishDate": "09-Sep-2019"
    },
    {
      "imgname": null,
      "Title": "LMS Course 5th Sep 2019",
      "TitleLink": "https://opignoemployee.bss.dev.jio.com/node/129428/take?cid=129427",
      "Description": null,
      "CourseLevel": null,
      "CourseDuration": "0:00:00",
      "PublishDate": "05-Sep-2019"
    },
    {
      "imgname": null,
      "Title": "New multilingual course",
      "TitleLink": "https://opignoemployee.bss.dev.jio.com/node/129349/take?cid=129425",
      "Description": "Thi scourse is test course&nbsp;Thi scourse is test course&nbsp;Thi scourse is test course&nbsp;",
      "CourseLevel": null,
      "CourseDuration": "0:00:00",
      "PublishDate": "05-Sep-2019"
    },
    {
      "imgname": null,
      "Title": "Jio Phone 2",
      "TitleLink": "https://opignoemployee.bss.dev.jio.com/node/129424/take?cid=129423",
      "Description": "demo test",
      "CourseLevel": null,
      "CourseDuration": "0:00:00",
      "PublishDate": "10-Sep-2019"
    }
  ]
}