{
    "status": 200,
    "message": "My Career Path is Successfully retrieved",
    "data": [
        {
            "imgname": "http://10.144.96.31:8443/sites/default/files/3_0.jpg",
            "class_nid": "128693",
            "Title": "Become A Python Developer",
            "TitleLink": "http://10.144.96.31:8443/class/128693/become-python-developer"
        },
        {
            "imgname": "http://10.144.96.31:8443/sites/default/files/1_1.jpg",
            "class_nid": "128688",
            "Title": "Become A Drupal Developer",
            "TitleLink": "http://10.144.96.31:8443/class/128688/become-drupal-developer"
        },
        {
            "imgname": null,
            "class_nid": "128681",
            "Title": "Become A Java Developer",
            "TitleLink": "http://10.144.96.31:8443/class/128681/become-java-developer"
        },
        {
            "imgname": "http://10.144.96.31:8443/sites/default/files/4_0.jpg",
            "class_nid": "128676",
            "Title": "Become A PHP DEveloper",
            "TitleLink": "http://10.144.96.31:8443/class/128676/become-php-developer"
        }
    ]
}