{
    "status": 200,
    "message": "Academic Career is Successfully retrieved",
    "data": [
        {
            "title": "FTTx Home Care Certification",
            "nid": "51984",
            "vid": "55406",
            "created": "1496398928",
            "body_value": "To clear this certification please go through FTTx Home Care Course under FTTx  Academy.",
            "name": null,
            "uri": null,
            "field_course_duration_value": null,
            "opigno_course_categories_tid": "1609"
        },
        {
            "title": "FTTX Construction Certification",
            "nid": "51996",
            "vid": "55418",
            "created": "1496727727",
            "body_value": "To clear this certification please go through FTTx Construction course available in FTTx Academy.",
            "name": null,
            "uri": null,
            "field_course_duration_value": null,
            "opigno_course_categories_tid": "1609"
        },
        {
            "title": "FTTx Field Engineer Certification",
            "nid": "51997",
            "vid": "55419",
            "created": "1496728168",
            "body_value": "To clear this certification please go through FTTx Field Engineering - FE course available in FTTx Academy.",
            "name": null,
            "uri": null,
            "field_course_duration_value": null,
            "opigno_course_categories_tid": "1609"
        },
        {
            "title": "FTTx Sales and Distribution Certification",
            "nid": "52016",
            "vid": "55438",
            "created": "1497956021",
            "body_value": "To clear this certification please go through FTTx Sales and Distribution  course available in FTTx Academy.",
            "name": null,
            "uri": null,
            "field_course_duration_value": null,
            "opigno_course_categories_tid": "1609"
        },
        {
            "title": "FTTx Overview Certification",
            "nid": "52018",
            "vid": "55440",
            "created": "1497957335",
            "body_value": "To clear this certification please go through FTTx Introduction course available in FTTx Academy.",
            "name": null,
            "uri": null,
            "field_course_duration_value": null,
            "opigno_course_categories_tid": "1609"
        }
    ]
}