{
    "status": 200,
    "message": "New Courses Successfully retrieved",
    "data": [
        {
            "imgname": "http://10.144.96.31:8443/sites/default/files/4_1.jpg",
            "Title": "Python introduction",
            "TitleLink": "/node/128691/take?cid=128689",
            "Description": null,
            "CourseLevel": "Advanced",
            "CourseDuration": "0:20:00",
            "PublishDate": "27-February-2019"
        },
        {
            "imgname": "http://10.144.96.31:8443/sites/default/files/4.1.png",
            "Title": "Advanced Python",
            "TitleLink": "/node/128692/take?cid=128690",
            "Description": null,
            "CourseLevel": "Foundation",
            "CourseDuration": "0:00:00",
            "PublishDate": "27-February-2019"
        },
        {
            "imgname": "http://10.144.96.31:8443/sites/default/files/2.2.jpg",
            "Title": "Drupal Basic",
            "TitleLink": "/node/128685/take?cid=128684",
            "Description": null,
            "CourseLevel": "Champion",
            "CourseDuration": "1:00:00",
            "PublishDate": "27-February-2019"
        },
        {
            "imgname": "http://10.144.96.31:8443/sites/default/files/2.1.png",
            "Title": "Drupal View",
            "TitleLink": "/node/128687/take?cid=128683",
            "Description": null,
            "CourseLevel": "Champion",
            "CourseDuration": "1:00:00",
            "PublishDate": "27-February-2019"
        },
        {
            "imgname": "http://10.144.96.31:8443/sites/default/files/3.4.jpg",
            "Title": "Java applet",
            "TitleLink": "/node/128680/take?cid=128678",
            "Description": null,
            "CourseLevel": "Foundation",
            "CourseDuration": "0:26:40",
            "PublishDate": "27-February-2019"
        },
        {
            "imgname": "http://10.144.96.31:8443/sites/default/files/java.jpg",
            "Title": "Introduction to Java",
            "TitleLink": "/node/128679/take?cid=128677",
            "Description": null,
            "CourseLevel": "Foundation",
            "CourseDuration": "1:00:00",
            "PublishDate": "27-February-2019"
        },
        {
            "imgname": "http://10.144.96.31:8443/sites/default/files/1.2.png",
            "Title": "Advanced PHP",
            "TitleLink": "/node/128675/take?cid=128671",
            "Description": null,
            "CourseLevel": "Champion",
            "CourseDuration": "0:20:00",
            "PublishDate": "27-February-2019"
        },
        {
            "imgname": "http://10.144.96.31:8443/sites/default/files/1.1.png",
            "Title": "introduction to PHP",
            "TitleLink": "/node/128672/take?cid=128670",
            "Description": null,
            "CourseLevel": "Advanced",
            "CourseDuration": "0:00:00",
            "PublishDate": "27-February-2019"
        },
        {
            "imgname": "http://10.144.96.31:8443/sites/default/files/1.png",
            "Title": "Migration tests course",
            "TitleLink": "/node/128656/take?cid=128655",
            "Description": null,
            "CourseLevel": "Advanced",
            "CourseDuration": "0:20:00",
            "PublishDate": "26-February-2019"
        },
        {
            "imgname": null,
            "Title": "Course-0 15022019",
            "TitleLink": "/node//take?cid=128653",
            "Description": null,
            "CourseLevel": null,
            "CourseDuration": "0:00:00",
            "PublishDate": "15-February-2019"
        }
    ]
}