{
  "status": 200,
  "message": "Channel List Successfully retrieved",
  "data": [
    {
      "ChannelID": "1609",
      "ChannelName": "FTTx"
    },
    {
      "ChannelID": "1611",
      "ChannelName": "Customer Service Delivery"
    },
    {
      "ChannelID": "1612",
      "ChannelName": "Device Care"
    },
    {
      "ChannelID": "1614",
      "ChannelName": "Network"
    },
    {
      "ChannelID": "1616",
      "ChannelName": "Sales And  Distribution"
    },
    {
      "ChannelID": "10139",
      "ChannelName": "Induction"
    },
    {
      "ChannelID": "10140",
      "ChannelName": "Systems"
    },
    {
      "ChannelID": "25727",
      "ChannelName": "Human Resource"
    },
    {
      "ChannelID": "25728",
      "ChannelName": "Supply Chain Management"
    },
    {
      "ChannelID": "25729",
      "ChannelName": "Finance, Compliance And Accounting"
    },
    {
      "ChannelID": "171006",
      "ChannelName": "Jio Point"
    },
    {
      "ChannelID": "171009",
      "ChannelName": "Network Infra"
    }
  ]
}