{
  "status": 200,
  "message": "Learning Type Courses Successfully retrieved",
  "course_count": 2,
  "data": [
    {
      "class_nid": "129214",
      "class_type": "Ready for Role",
      "class_title": "RFR Certification",
      "course_nid": "129204",
      "course_img": null,
      "course_title": "Smartphone Offers",
      "course_description": "This course covers the smartphone offer.",
      "course_link": "https://opignoemployee.bss.sit.jio.com/node/129195/take?cid=129204",
      "course_level": "Champion",
      "course_duration": "0:03:00",
      "publish_date": "31 Jul 2019",
      "course_validity": "NA",
      "lesson_count": 2,
      "course_completion_status": 50
    },
    {
      "class_nid": "129214",
      "class_type": "Ready for Role",
      "class_title": "RFR Certification",
      "course_nid": "129194",
      "course_img": null,
      "course_title": "Smartphone Offers at Jio Point",
      "course_description": "This course covers the smartphone features and&nbsp; offer at Jio Point.",
      "course_link": "https://opignoemployee.bss.sit.jio.com/node/129195/take?cid=129194",
      "course_level": "Advanced",
      "course_duration": "0:18:20",
      "publish_date": "01 Aug 2019",
      "course_validity": "NA",
      "lesson_count": 4,
      "course_completion_status": 50
    }
  ]
}