{
  "status": 200,
  "message": "Learning Plan Status successfully retrieved",
  "data": [
    {
      "class_type": null,
      "class_id": null,
      "status": 0,
      "class_type_link": "https://opignoemployee.bss.sit.jio.com/employee/courses?type="
    },
    {
      "class_type": "Learning Path",
      "class_id": "170987",
      "status": 50,
      "class_type_link": "https://opignoemployee.bss.sit.jio.com/employee/courses?type=170987"
    },
    {
      "class_type": "Mandatory",
      "class_id": "170988",
      "status": 0,
      "class_type_link": "https://opignoemployee.bss.sit.jio.com/employee/courses?type=170988"
    },
    {
      "class_type": "Ready for Role",
      "class_id": "170990",
      "status": 66.67,
      "class_type_link": "https://opignoemployee.bss.sit.jio.com/employee/courses?type=170990"
    },
    {
      "class_type": "Others",
      "class_id": "170989",
      "status": 0,
      "class_type_link": "https://opignoemployee.bss.sit.jio.com/employee/courses?type=170989"
    },
    {
      "class_type": "Ready for Coaching",
      "class_id": "170999",
      "status": 0,
      "class_type_link": "https://opignoemployee.bss.sit.jio.com/employee/courses?type=170999"
    },
    {
      "class_type": "Leadership",
      "class_id": "170986",
      "status": 0,
      "class_type_link": "https://opignoemployee.bss.sit.jio.com/employee/courses?type=170986"
    },
    {
      "class_type": "Recommended",
      "class_id": "170991",
      "status": 0,
      "class_type_link": "https://opignoemployee.bss.sit.jio.com/employee/courses?type=170991"
    }
  ],
  "iCertifyFlag": "true"
}