{
  "status": 200,
  "message": "my team members are retrieved successfully",
  "data": {
    "teamcount": 4,
    "teammembers": [
      {
        "SlNo": 1,
        "user_id": "250151",
        "emp_name": "Mr. Kapoor H",
        "course_count": 5,
        "completed_course": 0,
        "percentage": 0,
        "myteam-url": "https://opignoemployee.bss.sit.jio.com/employee/myteam/250151"
      },
      {
        "SlNo": 2,
        "user_id": "248195",
        "emp_name": "Mr. PrabhuKalyan Dash",
        "course_count": 18,
        "completed_course": 0,
        "percentage": 0,
        "myteam-url": "https://opignoemployee.bss.sit.jio.com/employee/myteam/248195"
      },
      {
        "SlNo": 3,
        "user_id": "199301",
        "emp_name": "Mr. Sandeep Gupta",
        "course_count": 18,
        "completed_course": 0,
        "percentage": 0,
        "myteam-url": "https://opignoemployee.bss.sit.jio.com/employee/myteam/199301"
      },
      {
        "SlNo": 4,
        "user_id": "250302",
        "emp_name": "Mr. Saurabh Rawat",
        "course_count": 3,
        "completed_course": 0,
        "percentage": 0,
        "myteam-url": "https://opignoemployee.bss.sit.jio.com/employee/myteam/250302"
      }
    ]
  }
}