{
  "status": 200,
  "message": "New Courses Successfully retrieved",
  "data": [
    {
      "imgname": null,
      "Title": "Blank Course 9/9",
      "TitleLink": "#",
      "Description": null,
      "CourseLevel": null,
      "CourseDuration": "0:00:00",
      "PublishDate": "09-Sep-2019"
    },
    {
      "imgname": null,
      "Title": "LMS notification tp",
      "TitleLink": "https://opignoemployee.bss.sit.jio.com/node/129446/take?cid=129445",
      "Description": null,
      "CourseLevel": null,
      "CourseDuration": "0:00:00",
      "PublishDate": "09-Sep-2019"
    },
    {
      "imgname": null,
      "Title": "Training Program Testing Course",
      "TitleLink": "https://opignoemployee.bss.sit.jio.com/node/129441/take?cid=129439",
      "Description": null,
      "CourseLevel": null,
      "CourseDuration": "0:00:00",
      "PublishDate": "09-Sep-2019"
    },
    {
      "imgname": null,
      "Title": "LMS Course 5th Sep 2019",
      "TitleLink": "https://opignoemployee.bss.sit.jio.com/node/129428/take?cid=129427",
      "Description": null,
      "CourseLevel": null,
      "CourseDuration": "0:00:00",
      "PublishDate": "05-Sep-2019"
    },
    {
      "imgname": null,
      "Title": "New multilingual course",
      "TitleLink": "https://opignoemployee.bss.sit.jio.com/node/129349/take?cid=129425",
      "Description": "Thi scourse is test course&nbsp;Thi scourse is test course&nbsp;Thi scourse is test course&nbsp;",
      "CourseLevel": null,
      "CourseDuration": "0:00:00",
      "PublishDate": "05-Sep-2019"
    },
    {
      "imgname": null,
      "Title": "testing testing new new",
      "TitleLink": "https://opignoemployee.bss.sit.jio.com/node/129424/take?cid=129423",
      "Description": "demo test",
      "CourseLevel": null,
      "CourseDuration": "0:00:00",
      "PublishDate": "04-Sep-2019"
    },
    {
      "imgname": null,
      "Title": "DEFECT RETEST",
      "TitleLink": "https://opignoemployee.bss.sit.jio.com/node/129420/take?cid=129419",
      "Description": "DONE",
      "CourseLevel": null,
      "CourseDuration": "0:00:00",
      "PublishDate": "04-Sep-2019"
    },
    {
      "imgname": null,
      "Title": "Testing Course For DRS",
      "TitleLink": "https://opignoemployee.bss.sit.jio.com/node/129418/take?cid=129416",
      "Description": null,
      "CourseLevel": null,
      "CourseDuration": "0:00:00",
      "PublishDate": "03-Sep-2019"
    },
    {
      "imgname": null,
      "Title": "Optical Fiber Complete Guide",
      "TitleLink": "https://opignoemployee.bss.sit.jio.com/node/129414/take?cid=129413",
      "Description": null,
      "CourseLevel": "Advanced",
      "CourseDuration": "0:00:00",
      "PublishDate": "03-Sep-2019"
    },
    {
      "imgname": null,
      "Title": "Optical Fiber - intro",
      "TitleLink": "https://opignoemployee.bss.sit.jio.com/node/129412/take?cid=129411",
      "Description": null,
      "CourseLevel": "Advanced",
      "CourseDuration": "0:02:00",
      "PublishDate": "03-Sep-2019"
    }
  ]
}