{
    "status": 200,
    "message": "Popular Courses Successfully retrieved",
    "data": [
        {
            "imgname": null,
            "Title": "Jio Point Store Operations",
            "TitleLink": "https://opignoemployee.bss.sit.jio.com/node/126540/take?cid=126543",
            "Description": "This course gives an overview about the Jio Point Store Operation.",
            "CourseLevel": null,
            "CourseDuration": "0:00:00",
            "PublishDate": "18-Sep-2017"
        },
        {
            "imgname": null,
            "Title": "Device Care - Jio Phone",
            "TitleLink": "https://opignoemployee.bss.sit.jio.com/node/97120/take?cid=52035",
            "Description": "This course will help the learner to gain an understanding of Device Description, Troubleshooting Level-1 &amp; Level-2 Repair Process and Spare ",
            "CourseLevel": null,
            "CourseDuration": "0:00:00",
            "PublishDate": "06-Nov-2017"
        },
        {
            "imgname": null,
            "Title": "Device  Service Manual - Level 1 Repairs ",
            "TitleLink": "https://opignoemployee.bss.sit.jio.com/node/99006/take?cid=51660",
            "Description": "This course will help the learner to gain an understanding of  Device Discription, Basic troubleshooting and Level 1 Repair process.",
            "CourseLevel": null,
            "CourseDuration": "0:00:00",
            "PublishDate": "09-Sep-2017"
        },
        {
            "imgname": null,
            "Title": "DRS Induction & Role Readiness - Day 3 ",
            "TitleLink": "https://opignoemployee.bss.sit.jio.com/node/112193/take?cid=51674",
            "Description": "This course will help the Newly Onboarded learner to understand Device care CRM platform, Assembly Disassembly and software upgradation process",
            "CourseLevel": null,
            "CourseDuration": "0:00:00",
            "PublishDate": "09-Sep-2017"
        },
        {
            "imgname": null,
            "Title": "Digital Sales Specialist Certification",
            "TitleLink": "https://opignoemployee.bss.sit.jio.com/node/97131/take?cid=52092",
            "Description": "This assessment is for Digital Sales Specialist (DSS) Role Ready. (Duration : 50 Minutes 00 Seconds).",
            "CourseLevel": null,
            "CourseDuration": "0:00:00",
            "PublishDate": "09-Sep-2017"
        },
        {
            "imgname": null,
            "Title": "Jio Point Certification",
            "TitleLink": "https://opignoemployee.bss.sit.jio.com/node/97126/take?cid=52099",
            "Description": "To clear this certification go through Jio Point Training course which is under Sales academy.",
            "CourseLevel": null,
            "CourseDuration": "0:00:00",
            "PublishDate": "11-Sep-2017"
        },
        {
            "imgname": null,
            "Title": "Device Care Regional Language Content ",
            "TitleLink": "https://opignoemployee.bss.sit.jio.com/node/99492/take?cid=51762",
            "Description": "This course will help the learner to gain an understanding of Training Videos in Regional Languages.",
            "CourseLevel": null,
            "CourseDuration": "0:00:00",
            "PublishDate": "09-Sep-2017"
        },
        {
            "imgname": null,
            "Title": "Information Security Awareness Course",
            "TitleLink": "https://opignoemployee.bss.sit.jio.com/node/97128/take?cid=52064",
            "Description": "This is a 40 minutes mandatory course containing interative activities",
            "CourseLevel": null,
            "CourseDuration": "0:00:00",
            "PublishDate": "09-Sep-2017"
        },
        {
            "imgname": null,
            "Title": "Device FAQs and SERVICE ADVISORY ",
            "TitleLink": "https://opignoemployee.bss.sit.jio.com/node/99133/take?cid=51673",
            "Description": "This course will help the learner to understand Device  FAQs and Service Advisory. (Duration : 60 Minutes 00 Seconds)",
            "CourseLevel": null,
            "CourseDuration": "0:00:00",
            "PublishDate": "09-Sep-2017"
        },
        {
            "imgname": null,
            "Title": "DRS Induction & Role Readiness - Day 4 ",
            "TitleLink": "https://opignoemployee.bss.sit.jio.com/node/99168/take?cid=51968",
            "Description": "This course will help the learner to understand Cash handling process at JC and also the product information of Reconnect accessories and Ekyc.",
            "CourseLevel": null,
            "CourseDuration": "0:00:00",
            "PublishDate": "09-Sep-2017"
        }
    ]
}