{
    "status": 200,
    "message": "Channel List Successfully retrieved",
    "data": [
        {
            "ChannelID": "1609",
            "ChannelName": "FTTx",
            "ChannelDescription": "FTTx",
            "ChannelLink": "https://opignoemployee.bss.dev.jio.com/course-categories/fttx"
        },
        {
            "ChannelID": "1611",
            "ChannelName": "Customer Service Delivery",
            "ChannelDescription": null,
            "ChannelLink": "https://opignoemployee.bss.dev.jio.com/course-categories/customer-service-delivery"
        },
        {
            "ChannelID": "1616",
            "ChannelName": "Sales & Distribution",
            "ChannelDescription": null,
            "ChannelLink": "https://opignoemployee.bss.dev.jio.com/course-categories/sales-distribution"
        },
        {
            "ChannelID": "10140",
            "ChannelName": "Systems",
            "ChannelDescription": "System",
            "ChannelLink": "https://opignoemployee.bss.dev.jio.com/course-categories/system-0"
        },
        {
            "ChannelID": "10141",
            "ChannelName": "Leadership",
            "ChannelDescription": "Leadership",
            "ChannelLink": "https://opignoemployee.bss.dev.jio.com/course-categories/leadership"
        },
        {
            "ChannelID": "25727",
            "ChannelName": "Human Resource",
            "ChannelDescription": "HR",
            "ChannelLink": "https://opignoemployee.bss.dev.jio.com/course-categories/human-resource"
        },
        {
            "ChannelID": "25728",
            "ChannelName": "Supply Chain Management",
            "ChannelDescription": "Supply Chain Management",
            "ChannelLink": "https://opignoemployee.bss.dev.jio.com/course-categories/supply-chain-management"
        },
        {
            "ChannelID": "25729",
            "ChannelName": "Finance, Compliance And Accounting",
            "ChannelDescription": "Finance, Compliance And Accounting&nbsp;",
            "ChannelLink": "https://opignoemployee.bss.dev.jio.com/course-categories/finance-compliance-and-accounting"
        },
        {
            "ChannelID": "118994",
            "ChannelName": "Marketing",
            "ChannelDescription": "<div><p>Marketing</p></div>",
            "ChannelLink": "https://opignoemployee.bss.dev.jio.com/course-categories/marketing"
        }
    ]
}